iter	Passed	Remaining
0	49330	986555076
1	49345	493408162
2	49361	329027966
3	49377	246837377
4	49391	197516033
5	49405	164635139
6	49422	141156714
7	49435	123539240
8	49449	109838187
9	49468	98888132
10	49485	89923600
11	49498	82447433
12	49514	76126784
13	49530	70708656
14	49547	66013558
15	49564	61905565
16	49580	58280980
17	49597	55058606
18	49613	52175099
19	49629	49579906
20	49646	47232663
21	49663	45098631
22	49680	43151012
23	49697	41364830
24	49712	39719963
25	49739	38211519
26	49768	36815471
27	51722	36892898
28	51738	35630247
29	51756	34452713
30	51773	33350591
31	51787	32315264
32	51804	31344972
33	51821	30431270
34	51837	29569843
35	51852	28754893
36	51865	27983666
37	51881	27254404
38	51898	26562569
39	51916	25906335
40	51936	25282751
41	51955	24688852
42	51968	24119364
43	51980	23575520
44	51994	23056527
45	52008	22560184
46	52027	22087243
47	52043	21632772
48	52062	21197961
49	52079	20779680
50	52096	20377994
51	52113	19991586
52	52131	19620250
53	52147	19261658
54	52163	18916409
55	52178	18582860
56	52193	18261429
57	52209	17951147
58	52225	17651483
59	52243	17362202
60	52256	17081019
61	52274	16810320
62	52291	16548052
63	52308	16294194
64	52324	16047631
65	52342	15808888
66	52359	15577200
67	52375	15352186
68	52389	15132971
69	52405	14920736
70	52422	14714432
71	52438	14513921
72	52456	14319056
73	52472	14129216
74	52488	13944458
75	52505	13764835
76	52521	13589337
77	52533	13417485
78	52556	13253005
79	52570	13090125
80	52587	12932044
81	52604	12777866
82	52622	12627553
83	52639	12480581
84	52656	12337098
85	52673	12196997
86	52690	12059977
87	52711	11927084
88	54656	12227755
89	54671	12094535
90	54686	11964356
91	54705	11837692
92	54720	11713074
93	54734	11590953
94	54752	11472116
95	54768	11355350
96	54785	11241228
97	54806	11130133
98	54822	11020370
99	54838	10912843
100	54856	10807752
101	54871	10704185
102	54884	10602320
103	54897	10502395
104	54915	10405150
105	54933	10309823
106	54951	10216361
107	54967	10124166
108	54981	10033321
109	54998	9944677
110	55010	9856767
111	55024	9770841
112	55041	9686768
113	55057	9604152
114	55072	9522760
115	55088	9442857
116	55105	9364558
117	55118	9286965
118	55134	9211123
119	55148	9136256
120	55165	9063028
121	55178	8990404
122	55190	8918886
123	55209	8849571
124	55222	8780413
125	55239	8712920
126	55256	8646594
127	55270	8580696
128	55287	8516367
129	55303	8452962
130	55319	8390368
131	55339	8329437
132	55354	8268667
133	55370	8208904
134	55387	8150175
135	55405	8092479
136	55421	8035241
137	55436	7978802
138	55450	7922975
139	55465	7868131
140	55479	7814005
141	55495	7760726
142	55509	7708100
143	55528	7656723
144	55545	7605835
145	55562	7555785
146	55581	7506566
147	55598	7457704
148	55616	7409670
149	55631	7361839
150	57792	7596870
151	57809	7548698
152	57825	7500999
153	57843	7454236
154	57857	7407628
155	57873	7361814
156	57888	7316468
157	57905	7271864
158	57922	7227880
159	57937	7184201
160	57953	7141197
161	57972	7099128
162	57989	7057248
163	58006	7015956
164	58020	6974719
165	58035	6934175
166	58051	6894174
167	58067	6854769
168	58082	6815625
169	58100	6777264
170	58114	6738933
171	58130	6701271
172	58149	6664360
173	58168	6627920
174	58184	6591438
175	58200	6555520
176	58216	6519964
177	58233	6484857
178	58251	6450326
179	58268	6416055
180	58286	6382168
181	58305	6348856
182	58321	6315652
183	58337	6282704
184	58354	6250259
185	58371	6218180
186	58389	6186502
187	58407	6155149
188	58424	6124092
189	58442	6093402
190	58459	6062937
191	58476	6032827
192	58491	6002827
193	58508	5973287
194	58526	5944162
195	58542	5915162
196	58559	5886610
197	58577	5858342
198	58597	5830626
199	58615	5802965
200	58633	5775519
201	58650	5748340
202	58670	5721659
203	58689	5695206
204	58707	5668843
205	58725	5642789
206	58741	5616792
207	58763	5591537
208	60748	5752486
209	60765	5726441
210	60782	5700590
211	60806	5675618
212	60825	5650456
213	60841	5625310
214	60858	5600392
215	60874	5575622
216	60893	5551425
217	60913	5527464
218	60930	5503456
219	60946	5479653
220	60962	5456049
221	60979	5432709
222	60997	5409641
223	61013	5386619
224	61033	5364183
225	61052	5341865
226	61069	5319486
227	61085	5297268
228	61104	5275525
229	61119	5253585
230	61138	5232239
231	61156	5210987
232	61172	5189715
233	61188	5168616
234	61209	5148095
235	61226	5127442
236	61244	5107105
237	61261	5086801
238	61278	5066634
239	61295	5046661
240	61315	5027084
241	61332	5007459
242	61349	4987992
243	61368	4968869
244	61388	4949927
245	61405	4930903
246	61424	4912219
247	61438	4893292
248	61450	4874333
249	61467	4855966
250	61481	4837477
251	61497	4819277
252	61514	4801253
253	61530	4783409
254	61547	4765696
255	61566	4748334
256	61580	4730649
257	61597	4713379
258	61613	4696210
259	61632	4679292
260	61647	4662326
261	61664	4645581
262	61679	4628811
263	61700	4612586
264	61717	4596214
265	63674	4723881
266	63762	4712460
267	63774	4695529
268	63790	4678976
269	63802	4662327
270	63858	4648925
271	63873	4632686
272	63901	4617512
273	63912	4601215
274	63924	4585114
275	63935	4569084
276	63948	4553255
277	63960	4537481
278	63972	4521871
279	63985	4506400
280	63997	4490993
281	64009	4475680
282	64022	4460531
283	64035	4445497
284	64047	4430494
285	64058	4415552
286	64070	4400794
287	64082	4386119
288	64095	4371548
289	64108	4357201
290	64121	4342860
291	64134	4328625
292	64146	4314449
293	64159	4300412
294	64171	4286434
295	64182	4272488
296	64195	4258751
297	64208	4245087
298	64221	4231522
299	64234	4218037
300	64246	4204613
301	64260	4191401
302	64273	4178182
303	64284	4164987
304	64299	4152057
305	64314	4139235
306	64326	4126348
307	64339	4113518
308	64351	4100798
309	64364	4088153
310	64376	4075566
311	64389	4063133
312	64402	4050797
313	64415	4038482
314	64427	4026194
315	64439	4014014
316	64453	4001982
317	64464	3989880
318	64477	3978029
319	64490	3966168
320	64503	3954397
321	64515	3942682
322	64529	3931132
323	64542	3919548
324	64556	3908154
325	64571	3896852
326	64587	3885713
327	64601	3874499
328	64616	3863423
329	64634	3852620
330	64650	3841705
331	64665	3830833
332	64680	3820045
333	66680	3926181
334	66692	3914940
335	66704	3903815
336	66717	3892783
337	66728	3881731
338	66741	3870782
339	66753	3859918
340	66766	3849167
341	66778	3838411
342	66791	3827759
343	66802	3817080
344	66814	3806480
345	66826	3795971
346	66838	3785516
347	66852	3775224
348	66865	3764959
349	66878	3754744
350	66893	3744684
351	66906	3734580
352	66918	3724514
353	66931	3714530
354	66945	3704607
355	66960	3694888
356	66974	3685075
357	66987	3675316
358	67000	3665615
359	67012	3655883
360	67023	3646200
361	67036	3636644
362	67048	3627073
363	67060	3617581
364	67073	3608197
365	67085	3598788
366	67098	3589489
367	67110	3580214
368	67123	3570987
369	67136	3561856
370	67148	3552707
371	67162	3543699
372	67172	3534586
373	67184	3525558
374	67196	3516619
375	67208	3507709
376	67219	3498776
377	67231	3489973
378	67243	3481212
379	67254	3472459
380	67268	3463871
381	67279	3455196
382	67290	3446569
383	67301	3438000
384	67314	3429525
385	67325	3421062
386	67339	3412739
387	67351	3404379
388	67364	3396086
389	67375	3387767
390	67387	3379561
391	67398	3371324
392	67412	3363257
393	67424	3355158
394	67438	3347169
395	67449	3339110
396	67461	3331095
397	67473	3323143
398	67485	3315244
399	67498	3307435
400	67511	3299665
401	67523	3291841
402	67537	3284182
403	67550	3276523
404	67562	3268838
405	67573	3261188
406	67586	3253627
407	67599	3246101
408	67611	3238556
409	67624	3231129
410	67635	3223646
411	67647	3216198
412	67660	3208860
413	67670	3201457
414	67682	3194133
415	67696	3186920
416	67712	3179878
417	67724	3172686
418	67739	3165665
419	70203	3272836
420	70218	3265585
421	70232	3258324
422	70248	3251207
423	70261	3243938
424	70272	3236661
425	70286	3229542
426	70298	3222379
427	70311	3215271
428	70325	3208243
429	70339	3201255
430	70355	3194388
431	70369	3187482
432	70381	3180474
433	70395	3173634
434	70407	3166727
435	70418	3159788
436	70430	3152916
437	70442	3146106
438	70454	3139332
439	70467	3132586
440	70478	3125833
441	70490	3119114
442	70502	3112445
443	70514	3105799
444	70525	3099175
445	70537	3092561
446	70548	3085992
447	70560	3079445
448	70572	3072960
449	70584	3066505
450	70597	3060104
451	70609	3053723
452	70622	3047375
453	70635	3041079
454	70648	3034781
455	70660	3028466
456	70672	3022196
457	70683	3015938
458	70696	3009761
459	70708	3003552
460	70720	2997405
461	70732	2991299
462	70745	2985227
463	70758	2979156
464	70768	2973051
465	70781	2967036
466	70792	2960996
467	70804	2955040
468	70816	2949093
469	70828	2943170
470	70843	2937360
471	70857	2931592
472	70874	2925919
473	70888	2920175
474	70899	2914358
475	70913	2908665
476	70925	2902909
477	70939	2897231
478	70951	2891513
479	70965	2885919
480	70976	2880240
481	70989	2874634
482	71001	2869033
483	71014	2863463
484	71026	2857908
485	71038	2852372
486	71050	2846819
487	71062	2841319
488	71074	2835849
489	71089	2830528
490	71102	2825120
491	71115	2819775
492	71128	2814416
493	71141	2809089
494	71154	2803762
495	71167	2798496
496	71180	2793226
497	71192	2787963
498	71205	2782719
499	71221	2777627
500	71237	2772555
501	71251	2767467
502	71266	2762396
503	73404	2839477
504	73417	2834191
505	73430	2828955
506	73445	2823818
507	73457	2818586
508	73472	2813454
509	73486	2808349
510	73503	2803355
511	73520	2798378
512	73543	2793657
513	73564	2788883
514	73586	2784157
515	73608	2779421
516	73629	2774707
517	73646	2769840
518	73665	2765066
519	73679	2760152
520	73697	2755384
521	73708	2750390
522	73721	2745458
523	73735	2740582
524	73748	2735729
525	73761	2730846
526	73773	2725962
527	73786	2721153
528	73799	2716357
529	73812	2711565
530	73826	2706819
531	73838	2702039
532	73851	2697298
533	73863	2692558
534	73877	2687915
535	73893	2683324
536	73908	2678733
537	73927	2674292
538	73940	2669660
539	73953	2665068
540	73964	2660411
541	73976	2655783
542	73988	2651179
543	74001	2646651
544	74014	2642114
545	74029	2637663
546	74044	2633251
547	74057	2628775
548	74071	2624334
549	74083	2619875
550	74097	2615468
551	74111	2611077
552	74125	2606718
553	74139	2602377
554	74151	2597973
555	74164	2593614
556	74179	2589358
557	74193	2585069
558	74206	2580758
559	74218	2576457
560	74231	2572166
561	74243	2567879
562	74256	2563623
563	74268	2559372
564	74282	2555170
565	74293	2550915
566	74306	2546742
567	74319	2542560
568	74330	2538350
569	74342	2534181
570	74356	2530067
571	74368	2525916
572	74383	2521886
573	74397	2517865
574	74413	2513869
575	74428	2509902
576	74441	2505854
577	74456	2501897
578	74471	2497957
579	74486	2493999
580	76713	2564036
581	76729	2560026
582	76745	2556046
583	76762	2552082
584	76777	2548078
585	76790	2544048
586	76803	2540026
587	76815	2535971
588	76831	2532045
589	76844	2528048
590	76857	2524081
591	76871	2520129
592	76888	2516306
593	76904	2512468
594	76918	2508584
595	76933	2504734
596	76951	2500987
597	76965	2497140
598	76979	2493273
599	76993	2489460
600	77006	2485615
601	77020	2481793
602	77033	2477963
603	77047	2474201
604	77061	2470427
605	77074	2466636
606	77086	2462840
607	77100	2459091
608	77113	2455347
609	77128	2451681
610	77141	2447959
611	77155	2444252
612	77168	2440572
613	77182	2436912
614	77194	2433195
615	77207	2429538
616	77220	2425876
617	77233	2422237
618	77248	2418678
619	77263	2415101
620	77278	2411552
621	77291	2407951
622	77306	2404449
623	77326	2401078
624	77341	2397577
625	77354	2394044
626	77368	2390514
627	77382	2387015
628	77395	2383506
629	77410	2380068
630	77423	2376580
631	77437	2373112
632	77450	2369632
633	77463	2366166
634	77476	2362736
635	77488	2359271
636	77502	2355856
637	77517	2352504
638	77531	2349126
639	77546	2345794
640	77562	2342482
641	77577	2339170
642	77590	2335792
643	77602	2332416
644	77616	2329093
645	77630	2325804
646	77644	2322486
647	77659	2319252
648	77674	2316005
649	77687	2312709
650	77702	2309472
651	77717	2306254
652	77734	2303104
653	77748	2299869
654	77766	2296769
655	77780	2293585
656	77797	2290453
657	77811	2287287
658	77829	2284211
659	77845	2281096
660	79908	2337888
661	79926	2334778
662	79947	2331743
663	79960	2328487
664	79973	2325237
665	79987	2322027
666	80003	2318907
667	80017	2315706
668	80030	2312519
669	80043	2309312
670	80055	2306091
671	80066	2302873
672	80078	2299667
673	80090	2296473
674	80105	2293405
675	80118	2290257
676	80131	2287131
677	80144	2283996
678	80156	2280865
679	80169	2277743
680	80181	2274626
681	80193	2271528
682	80206	2268445
683	80219	2265391
684	80233	2262342
685	80246	2259297
686	80257	2256217
687	80269	2253144
688	80281	2250105
689	80293	2247042
690	80305	2244029
691	80322	2241129
692	80335	2238160
693	80348	2235176
694	80360	2232178
695	80372	2229175
696	80384	2226188
697	80395	2223194
698	80406	2220210
699	80423	2217384
700	80434	2214428
701	80448	2211521
702	80460	2208590
703	80472	2205674
704	80484	2202762
705	80496	2199857
706	80507	2196944
707	80522	2194137
708	80539	2191379
709	80554	2188589
710	80567	2185756
711	80580	2182926
712	80592	2180079
713	80604	2177226
714	80617	2174419
715	80632	2171672
716	80647	2168935
717	80660	2166143
718	80672	2163344
719	80684	2160546
720	80697	2157784
721	80709	2154998
722	80720	2152215
723	80733	2149463
724	80748	2146798
725	80762	2144098
726	80775	2141372
727	80787	2138654
728	80800	2135936
729	80811	2133203
730	80823	2130482
731	80835	2127775
732	80852	2125207
733	80865	2122554
734	80879	2119934
735	80894	2117334
736	80911	2114776
737	80925	2112180
738	80941	2109634
739	80964	2107260
740	80988	2104924
741	81004	2102403
742	81018	2099830
743	81033	2097282
744	83417	2155977
745	83432	2153359
746	83448	2150771
747	83475	2148478
748	83488	2145835
749	83500	2143183
750	83513	2140551
751	83526	2137921
752	83543	2135397
753	83561	2132911
754	83574	2130325
755	83587	2127731
756	83600	2125124
757	83612	2122513
758	83624	2119926
759	83641	2117438
760	83653	2114873
761	83667	2112318
762	83679	2109748
763	83691	2107193
764	83703	2104628
765	83714	2102046
766	83726	2099483
767	83738	2096953
768	83755	2094534
769	83769	2092057
770	83781	2089536
771	83793	2087032
772	83806	2084527
773	83817	2082014
774	83828	2079495
775	83842	2077052
776	83855	2074593
777	83869	2072154
778	83882	2069700
779	83894	2067239
780	83908	2064840
781	83922	2062422
782	83942	2060183
783	83959	2057863
784	83972	2055465
785	83987	2053095
786	84001	2050714
787	84015	2048361
788	84031	2046043
789	84045	2043689
790	84059	2041333
791	84071	2038947
792	84083	2036561
793	84095	2034182
794	84107	2031809
795	84134	2029795
796	84148	2027478
797	84161	2025155
798	84173	2022798
799	84185	2020459
800	84197	2018122
801	84209	2015782
802	84221	2013446
803	84235	2011181
804	84249	2008904
805	84262	2006610
806	84274	2004307
807	84285	2001997
808	84297	1999696
809	84308	1997390
810	84320	1995109
811	84332	1992833
812	84351	1990709
813	84364	1988466
814	84377	1986225
815	84388	1983957
816	84400	1981697
817	84411	1979448
818	84425	1977252
819	84439	1975056
820	84457	1972966
821	84469	1970758
822	84483	1968574
823	86652	2016556
824	86665	2014317
825	86678	2012076
826	86691	2009844
827	86704	2007607
828	86721	2005480
829	86734	2003244
830	86746	2001007
831	86758	1998778
832	86770	1996551
833	86781	1994314
834	86794	1992106
835	86810	1989988
836	86822	1987789
837	86835	1985612
838	86848	1983440
839	86860	1981238
840	86871	1979043
841	86883	1976848
842	86894	1974652
843	86914	1972666
844	86928	1970544
845	86941	1968410
846	86953	1966260
847	86965	1964114
848	86978	1961982
849	87000	1960079
850	87016	1958015
851	87030	1955941
852	87044	1953852
853	87056	1951732
854	87068	1949618
855	87080	1947514
856	87097	1945526
857	87110	1943437
858	87121	1941328
859	87134	1939242
860	87146	1937162
861	87158	1935086
862	87170	1932994
863	87180	1930896
864	87196	1928901
865	87224	1927196
866	87236	1925149
867	87265	1923459
868	87280	1921481
869	87294	1919481
870	87307	1917453
871	87319	1915418
872	87331	1913394
873	87343	1911365
874	87355	1909333
875	87367	1907315
876	87382	1905386
877	87396	1903407
878	87409	1901426
879	87421	1899435
880	87433	1897439
881	87445	1895455
882	87458	1893483
883	87470	1891502
884	87485	1889577
885	87500	1887669
886	87511	1885691
887	87524	1883748
888	87536	1881784
889	87549	1879846
890	87561	1877907
891	87574	1875970
892	87590	1874118
893	87602	1872186
894	87614	1870254
895	87626	1868317
896	87638	1866398
897	87651	1864496
898	87665	1862621
899	87679	1860752
900	87696	1858950
901	87713	1857152
902	87726	1855281
903	87741	1853442
904	89943	1897756
905	89958	1895878
906	89975	1894043
907	89988	1892146
908	90002	1890257
909	90017	1888399
910	90031	1886508
911	90047	1884680
912	90065	1882882
913	90078	1880995
914	90093	1879154
915	90104	1877252
916	90119	1875416
917	90142	1873736
918	90155	1871888
919	90169	1870038
920	90182	1868169
921	90195	1866322
922	90207	1864448
923	90219	1862580
924	90235	1860807
925	90248	1858971
926	90262	1857141
927	90276	1855336
928	90289	1853510
929	90302	1851678
930	90313	1849830
931	90328	1848044
932	90341	1846241
933	90354	1844424
934	90366	1842602
935	90379	1840813
936	90390	1838965
937	90400	1837106
938	90415	1835359
939	90427	1833563
940	90439	1831757
941	90451	1829959
942	90463	1828169
943	90475	1826388
944	90487	1824584
945	90498	1822785
946	90515	1821103
947	90528	1819353
948	90540	1817574
949	90550	1815784
950	90562	1814018
951	90575	1812262
952	90586	1810489
953	90601	1808793
954	90613	1807048
955	90625	1805309
956	90637	1803561
957	90648	1801809
958	90660	1800068
959	90671	1798326
960	90686	1796658
961	90704	1795037
962	90715	1793302
963	90725	1791554
964	90738	1789845
965	90749	1788122
966	90760	1786402
967	90776	1784768
968	90789	1783088
969	90800	1781372
970	90812	1779672
971	90822	1777955
972	90833	1776254
973	90844	1774550
974	90858	1772911
975	90872	1771260
976	90883	1769582
977	90895	1767908
978	90907	1766233
979	90918	1764558
980	90928	1762867
981	93164	1804285
982	93179	1802633
983	93191	1800940
984	93203	1799245
985	93219	1797635
986	93232	1795980
987	93248	1794366
988	93260	1792697
989	93274	1791050
990	93287	1789408
991	93302	1787787
992	93319	1786223
993	93332	1784577
994	93343	1782909
995	93354	1781239
996	93366	1779580
997	93379	1777952
998	93395	1776381
999	93409	1774772
1000	93420	1773124
1001	93432	1771490
1002	93443	1769840
1003	93454	1768194
1004	93465	1766540
1005	93481	1764988
1006	93494	1763397
1007	93506	1761782
1008	93518	1760170
1009	93529	1758548
1010	93541	1756925
1011	93552	1755305
1012	93568	1753778
1013	93580	1752189
1014	93591	1750583
1015	93603	1748977
1016	93614	1747382
1017	93625	1745774
1018	93636	1744177
1019	93652	1742676
1020	93665	1741110
1021	93677	1739535
1022	93688	1737946
1023	93697	1736339
1024	93712	1734819
1025	93727	1733327
1026	93740	1731784
1027	93752	1730219
1028	93764	1728676
1029	93775	1727105
1030	93786	1725546
1031	93797	1723976
1032	93810	1722461
1033	93823	1720949
1034	93834	1719397
1035	93845	1717852
1036	93857	1716308
1037	93868	1714773
1038	93880	1713244
1039	93894	1711760
1040	93907	1710275
1041	93919	1708759
1042	93932	1707259
1043	93942	1705725
1044	93954	1704210
1045	93965	1702693
1046	93977	1701191
1047	93994	1699787
1048	94008	1698335
1049	94021	1696855
1050	94031	1695346
1051	94043	1693851
1052	94054	1692364
1053	94066	1690880
1054	94081	1689450
1055	94094	1687997
1056	94106	1686522
1057	94116	1685027
1058	94127	1683547
1059	94137	1682050
1060	94148	1680560
1061	96185	1715222
1062	96196	1713708
1063	96213	1712304
1064	96226	1710838
1065	96238	1709361
1066	96250	1707891
1067	96264	1706441
1068	96276	1704959
1069	96292	1703561
1070	96304	1702098
1071	96315	1700614
1072	96326	1699139
1073	96338	1697667
1074	96349	1696199
1075	96361	1694739
1076	96376	1693339
1077	96389	1691906
1078	96401	1690474
1079	96414	1689040
1080	96425	1687578
1081	96436	1686121
1082	96450	1684714
1083	96461	1683278
1084	96474	1681856
1085	96484	1680398
1086	96496	1678964
1087	96508	1677546
1088	96519	1676105
1089	96533	1674717
1090	96546	1673324
1091	96557	1671896
1092	96569	1670477
1093	96579	1669046
1094	96591	1667629
1095	96602	1666217
1096	96616	1664844
1097	96631	1663510
1098	96643	1662108
1099	96655	1660716
1100	96666	1659316
1101	96677	1657912
1102	96688	1656509
1103	96703	1655174
1104	96716	1653800
1105	96727	1652420
1106	96740	1651056
1107	96751	1649667
1108	96763	1648297
1109	96774	1646917
1110	96791	1645626
1111	96803	1644260
1112	96815	1642907
1113	96827	1641552
1114	96839	1640186
1115	96850	1638819
1116	96864	1637506
1117	96878	1636187
1118	96889	1634831
1119	96901	1633485
1120	96912	1632126
1121	96923	1630769
1122	96940	1629513
1123	96954	1628209
1124	96966	1626880
1125	96978	1625558
1126	96990	1624218
1127	97002	1622892
1128	97018	1621640
1129	97031	1620335
1130	97043	1619014
1131	97055	1617706
1132	97072	1616468
1133	97088	1615228
1134	97101	1613942
1135	97113	1612627
1136	97123	1611297
1137	97134	1609974
1138	97145	1608664
1139	97157	1607358
1140	97172	1606113
1141	97184	1604828
1142	99136	1635541
1143	99149	1634231
1144	99161	1632915
1145	99174	1631614
1146	99190	1630377
1147	99204	1629100
1148	99217	1627801
1149	99230	1626518
1150	99241	1625201
1151	99252	1623884
1152	99263	1622566
1153	99276	1621286
1154	99288	1619995
1155	99301	1618712
1156	99312	1617410
1157	99323	1616107
1158	99335	1614817
1159	99345	1613516
1160	99359	1612252
1161	99370	1610963
1162	99381	1609666
1163	99391	1608369
1164	99405	1607123
1165	99417	1605849
1166	99427	1604565
1167	99444	1603371
1168	99457	1602124
1169	99468	1600852
1170	99478	1599561
1171	99490	1598293
1172	99500	1597017
1173	99513	1595773
1174	99527	1594551
1175	99539	1593306
1176	99549	1592034
1177	99561	1590778
1178	99572	1589521
1179	99583	1588264
1180	99598	1587075
1181	99610	1585839
1182	99621	1584595
1183	99633	1583370
1184	99645	1582134
1185	99655	1580882
1186	99666	1579632
1187	99682	1578469
1188	99694	1577256
1189	99706	1576032
1190	99718	1574809
1191	99729	1573591
1192	99742	1572392
1193	99759	1571246
1194	99773	1570069
1195	99785	1568872
1196	99799	1567697
1197	99812	1566498
1198	99823	1565296
1199	99835	1564093
1200	99853	1562984
1201	99866	1561809
1202	99877	1560597
1203	99888	1559396
1204	99899	1558187
1205	99910	1556975
1206	99920	1555764
1207	99937	1554655
1208	99948	1553464
1209	99959	1552267
1210	99974	1551131
1211	99986	1549956
1212	99997	1548769
1213	100009	1547591
1214	100027	1546511
1215	100040	1545362
1216	100052	1544193
1217	100063	1543018
1218	100077	1541876
1219	100088	1540714
1220	100100	1539542
1221	100117	1538463
1222	102063	1567006
1223	102079	1565886
1224	102093	1564738
1225	102106	1563585
1226	102118	1562408
1227	102131	1561251
1228	102143	1560074
1229	102159	1558975
1230	102170	1557790
1231	102184	1556652
1232	102196	1555493
1233	102209	1554344
1234	102220	1553173
1235	102235	1552054
1236	102249	1550942
1237	102262	1549793
1238	102273	1548637
1239	102285	1547487
1240	102298	1546348
1241	102311	1545219
1242	102325	1544095
1243	102336	1542946
1244	102348	1541808
1245	102359	1540653
1246	102371	1539512
1247	102383	1538371
1248	102399	1537306
1249	102411	1536165
1250	102424	1535051
1251	102436	1533922
1252	102448	1532797
1253	102460	1531675
1254	102477	1530624
1255	102489	1529509
1256	102500	1528378
1257	102511	1527245
1258	102523	1526121
1259	102533	1524985
1260	102548	1523910
1261	102561	1522822
1262	102573	1521712
1263	102584	1520592
1264	102596	1519480
1265	102606	1518351
1266	102617	1517226
1267	102632	1516178
1268	102644	1515085
1269	102657	1513989
1270	102669	1512899
1271	102681	1511811
1272	102692	1510693
1273	102702	1509581
1274	102713	1508485
1275	102725	1507392
1276	102737	1506307
1277	102748	1505214
1278	102761	1504135
1279	102771	1503030
1280	102786	1502005
1281	102799	1500933
1282	102810	1499851
1283	102822	1498775
1284	102833	1497690
1285	102844	1496606
1286	102861	1495614
1287	102875	1494565
1288	102887	1493507
1289	102898	1492433
1290	102911	1491374
1291	102922	1490299
1292	102936	1489279
1293	102950	1488245
1294	102962	1487184
1295	102976	1486167
1296	102987	1485101
1297	102999	1484053
1298	103011	1483004
1299	103029	1482037
1300	103042	1481008
1301	103055	1479974
1302	103067	1478931
1303	103079	1477889
1304	103093	1476885
1305	103109	1475905
1306	103124	1474904
1307	103136	1473872
1308	104936	1498372
1309	104955	1497415
1310	104970	1496411
1311	104983	1495375
1312	104997	1494355
1313	105012	1493349
1314	105029	1492372
1315	105042	1491346
1316	105057	1490352
1317	105071	1489334
1318	105088	1488368
1319	105102	1487361
1320	105115	1486340
1321	105127	1485298
1322	105138	1484261
1323	105153	1483265
1324	105169	1482292
1325	105183	1481291
1326	105197	1480299
1327	105209	1479274
1328	105222	1478261
1329	105234	1477236
1330	105249	1476259
1331	105262	1475254
1332	105277	1474279
1333	105289	1473268
1334	105301	1472247
1335	105312	1471217
1336	105328	1470259
1337	105340	1469249
1338	105353	1468265
1339	105375	1467397
1340	105388	1466401
1341	105404	1465457
1342	105416	1464446
1343	105427	1463436
1344	105440	1462449
1345	105451	1461441
1346	105462	1460427
1347	105479	1459496
1348	105490	1458485
1349	105502	1457497
1350	105514	1456499
1351	105524	1455491
1352	105534	1454478
1353	105548	1453520
1354	105560	1452526
1355	105572	1451548
1356	105583	1450554
1357	105595	1449566
1358	105606	1448568
1359	105622	1447647
1360	105634	1446676
1361	105646	1445692
1362	105656	1444692
1363	105668	1443716
1364	105678	1442729
1365	105693	1441795
1366	105706	1440841
1367	105718	1439874
1368	105729	1438899
1369	105742	1437938
1370	105753	1436970
1371	105767	1436039
1372	105781	1435093
1373	105792	1434120
1374	105803	1433155
1375	105814	1432189
1376	105825	1431220
1377	105840	1430310
1378	105852	1429352
1379	105863	1428391
1380	105875	1427436
1381	105885	1426472
1382	105896	1425512
1383	105910	1424590
1384	105922	1423640
1385	107809	1447878
1386	107821	1446922
1387	107833	1445968
1388	107846	1445017
1389	107858	1444064
1390	107871	1443117
1391	107885	1442196
1392	107898	1441259
1393	107913	1440346
1394	107926	1439410
1395	107941	1438500
1396	107957	1437610
1397	107971	1436681
1398	107983	1435738
1399	107996	1434806
1400	108009	1433880
1401	108022	1432960
1402	108038	1432073
1403	108052	1431154
1404	108064	1430214
1405	108076	1429290
1406	108087	1428341
1407	108104	1427468
1408	108116	1426543
1409	108128	1425606
1410	108139	1424673
1411	108151	1423733
1412	108166	1422851
1413	108179	1421939
1414	108190	1421005
1415	108201	1420069
1416	108212	1419132
1417	108223	1418207
1418	108239	1417335
1419	108251	1416421
1420	108262	1415489
1421	108273	1414566
1422	108285	1413651
1423	108300	1412775
1424	108313	1411877
1425	108326	1410976
1426	108338	1410066
1427	108349	1409156
1428	108361	1408240
1429	108377	1407395
1430	108389	1406490
1431	108401	1405585
1432	108412	1404678
1433	108424	1403775
1434	108435	1402866
1435	108451	1402014
1436	108462	1401108
1437	108475	1400221
1438	108486	1399314
1439	108497	1398412
1440	108508	1397512
1441	108524	1396669
1442	108537	1395789
1443	108549	1394909
1444	108562	1394027
1445	108575	1393165
1446	108591	1392327
1447	108604	1391458
1448	108616	1390571
1449	108628	1389693
1450	108639	1388802
1451	108653	1387957
1452	108670	1387141
1453	108684	1386288
1454	108697	1385428
1455	108708	1384543
1456	108720	1383662
1457	108734	1382823
1458	108746	1381951
1459	108757	1381076
1460	108769	1380204
1461	108779	1379317
1462	108791	1378443
1463	110832	1403269
1464	110846	1402412
1465	110862	1401588
1466	110876	1400728
1467	110889	1399868
1468	110904	1399023
1469	110921	1398211
1470	110935	1397365
1471	110949	1396511
1472	110961	1395644
1473	110973	1394777
1474	110989	1393955
1475	111004	1393127
1476	111017	1392269
1477	111032	1391432
1478	111044	1390574
1479	111060	1389751
1480	111072	1388890
1481	111084	1388029
1482	111095	1387158
1483	111106	1386291
1484	111117	1385414
1485	111131	1384586
1486	111143	1383724
1487	111154	1382859
1488	111166	1382004
1489	111177	1381132
1490	111190	1380302
1491	111203	1379460
1492	111215	1378615
1493	111227	1377759
1494	111238	1376906
1495	111249	1376049
1496	111266	1375254
1497	111278	1374411
1498	111290	1373575
1499	111302	1372730
1500	111313	1371880
1501	111329	1371081
1502	111340	1370234
1503	111352	1369392
1504	111364	1368562
1505	111378	1367752
1506	111394	1366961
1507	111406	1366136
1508	111418	1365304
1509	111429	1364461
1510	111440	1363616
1511	111454	1362817
1512	111467	1361999
1513	111479	1361168
1514	111490	1360328
1515	111501	1359493
1516	111512	1358663
1517	111529	1357892
1518	111539	1357056
1519	111551	1356236
1520	111562	1355395
1521	111572	1354559
1522	111587	1353781
1523	111599	1352965
1524	111610	1352133
1525	111621	1351308
1526	111632	1350479
1527	111648	1349715
1528	111660	1348903
1529	111671	1348092
1530	111683	1347281
1531	111696	1346478
1532	111710	1345693
1533	111722	1344898
1534	111734	1344087
1535	111745	1343271
1536	111755	1342450
1537	111766	1341631
1538	111782	1340884
1539	111794	1340078
1540	111805	1339274
1541	113655	1360472
1542	113673	1359736
1543	113685	1358929
1544	113698	1358122
1545	113710	1357319
1546	113729	1356597
1547	113743	1355809
1548	113755	1355004
1549	113768	1354207
1550	113780	1353405
1551	113795	1352637
1552	113808	1351853
1553	113820	1351049
1554	113830	1350227
1555	113840	1349409
1556	113851	1348596
1557	113867	1347842
1558	113878	1347035
1559	113888	1346219
1560	113899	1345412
1561	113910	1344613
1562	113925	1343855
1563	113935	1343040
1564	113948	1342261
1565	113959	1341464
1566	113972	1340681
1567	113987	1339935
1568	113998	1339136
1569	114010	1338347
1570	114021	1337556
1571	114032	1336760
1572	114051	1336067
1573	114062	1335274
1574	114074	1334493
1575	114085	1333695
1576	114100	1332953
1577	114110	1332157
1578	114122	1331376
1579	114133	1330593
1580	114144	1329804
1581	114158	1329063
1582	114172	1328308
1583	114184	1327535
1584	114195	1326754
1585	114207	1325984
1586	114222	1325249
1587	114233	1324470
1588	114243	1323683
1589	114253	1322897
1590	114266	1322139
1591	114281	1321416
1592	114292	1320645
1593	114303	1319870
1594	114313	1319088
1595	114323	1318304
1596	114334	1317536
1597	114346	1316774
1598	114357	1316004
1599	114369	1315252
1600	114380	1314487
1601	114392	1313723
1602	114406	1312994
1603	114417	1312232
1604	114428	1311472
1605	114438	1310703
1606	114453	1309986
1607	114465	1309232
1608	114476	1308471
1609	114487	1307712
1610	114502	1307000
1611	114515	1306272
1612	114526	1305516
1613	114537	1304761
1614	114548	1304006
1615	114558	1303239
1616	114572	1302531
1617	114584	1301785
1618	114597	1301065
1619	114609	1300321
1620	114620	1299576
1621	116594	1321068
1622	116606	1320324
1623	116625	1319646
1624	116637	1318897
1625	116648	1318146
1626	116664	1317444
1627	116677	1316702
1628	116689	1315960
1629	116701	1315220
1630	116714	1314492
1631	116727	1313759
1632	116743	1313062
1633	116756	1312334
1634	116768	1311594
1635	116779	1310847
1636	116793	1310132
1637	116805	1309391
1638	116816	1308646
1639	116827	1307901
1640	116844	1307224
1641	116856	1306487
1642	116867	1305745
1643	116878	1305005
1644	116894	1304315
1645	116905	1303569
1646	116916	1302835
1647	116927	1302095
1648	116943	1301415
1649	116954	1300680
1650	116966	1299954
1651	116977	1299220
1652	116992	1298529
1653	117003	1297792
1654	117015	1297066
1655	117029	1296371
1656	117039	1295630
1657	117050	1294899
1658	117062	1294182
1659	117077	1293494
1660	117090	1292789
1661	117104	1292099
1662	117115	1291365
1663	117130	1290683
1664	117141	1289958
1665	117151	1289225
1666	117165	1288535
1667	117179	1287854
1668	117191	1287136
1669	117202	1286421
1670	117213	1285700
1671	117228	1285023
1672	117238	1284298
1673	117250	1283592
1674	117261	1282876
1675	117276	1282208
1676	117288	1281503
1677	117300	1280793
1678	117315	1280127
1679	117327	1279432
1680	117338	1278713
1681	117348	1278000
1682	117362	1277319
1683	117373	1276606
1684	117383	1275896
1685	117397	1275221
1686	117408	1274515
1687	117423	1273851
1688	117434	1273143
1689	117445	1272442
1690	117456	1271734
1691	117469	1271061
1692	117481	1270369
1693	117492	1269665
1694	117503	1268967
1695	117513	1268263
1696	117531	1267635
1697	117543	1266952
1698	117554	1266255
1699	117565	1265562
1700	119428	1284788
1701	119441	1284101
1702	119457	1283448
1703	119469	1282754
1704	119482	1282068
1705	119494	1281375
1706	119506	1280682
1707	119518	1279994
1708	119529	1279298
1709	119545	1278648
1710	119557	1277957
1711	119570	1277276
1712	119583	1276604
1713	119595	1275917
1714	119609	1275258
1715	119622	1274583
1716	119633	1273881
1717	119644	1273189
1718	119658	1272527
1719	119670	1271847
1720	119681	1271152
1721	119691	1270456
1722	119702	1269759
1723	119717	1269120
1724	119730	1268444
1725	119741	1267760
1726	119753	1267084
1727	119768	1266445
1728	119779	1265758
1729	119790	1265069
1730	119800	1264374
1731	119811	1263697
1732	119826	1263051
1733	119837	1262366
1734	119848	1261689
1735	119860	1261016
1736	119874	1260371
1737	119886	1259707
1738	119899	1259047
1739	119910	1258366
1740	119919	1257677
1741	119930	1257001
1742	119945	1256364
1743	119957	1255701
1744	119969	1255034
1745	119984	1254413
1746	119996	1253742
1747	120006	1253068
1748	120018	1252402
1749	120032	1251771
1750	120044	1251107
1751	120057	1250464
1752	120068	1249796
1753	120085	1249186
1754	120096	1248524
1755	120107	1247859
1756	120119	1247201
1757	120133	1246573
1758	120144	1245907
1759	120155	1245249
1760	120166	1244586
1761	120185	1244009
1762	120196	1243346
1763	120207	1242687
1764	120218	1242030
1765	120233	1241410
1766	120244	1240757
1767	120255	1240099
1768	120265	1239439
1769	120280	1238824
1770	120291	1238170
1771	120303	1237520
1772	120315	1236884
1773	120326	1236230
1774	120337	1235580
1775	120352	1234972
1776	120363	1234316
1777	120375	1233674
1778	120385	1233018
1779	120396	1232376
1780	122332	1251420
1781	122352	1250854
1782	122363	1250196
1783	122376	1249556
1784	122391	1248946
1785	122404	1248305
1786	122422	1247727
1787	122434	1247082
1788	122447	1246442
1789	122461	1245818
1790	122473	1245178
1791	122484	1244527
1792	122499	1243924
1793	122511	1243278
1794	122525	1242665
1795	122536	1242012
1796	122550	1241395
1797	122561	1240746
1798	122571	1240095
1799	122585	1239478
1800	122595	1238823
1801	122609	1238207
1802	122619	1237556
1803	122630	1236907
1804	122643	1236290
1805	122655	1235658
1806	122671	1235060
1807	122681	1234414
1808	122692	1233775
1809	122706	1233169
1810	122717	1232530
1811	122731	1231924
1812	122742	1231284
1813	122752	1230640
1814	122766	1230035
1815	122777	1229399
1816	122790	1228787
1817	122801	1228147
1818	122812	1227515
1819	122826	1226915
1820	122836	1226276
1821	122850	1225676
1822	122862	1225052
1823	122873	1224419
1824	122887	1223824
1825	122898	1223192
1826	122911	1222585
1827	122922	1221961
1828	122932	1221325
1829	122947	1220738
1830	122959	1220122
1831	122970	1219506
1832	122989	1218962
1833	123002	1218354
1834	123016	1217766
1835	123029	1217157
1836	123043	1216566
1837	123067	1216079
1838	123080	1215473
1839	123095	1214903
1840	123109	1214306
1841	123122	1213715
1842	123136	1213121
1843	123146	1212503
1844	123162	1211929
1845	123173	1211318
1846	123188	1210741
1847	123200	1210137
1848	123212	1209535
1849	123227	1208958
1850	123237	1208344
1851	123251	1207758
1852	123262	1207150
1853	123273	1206536
1854	123287	1205961
1855	123298	1205350
1856	123312	1204770
1857	123324	1204171
1858	125121	1220999
1859	125136	1220419
1860	125149	1219825
1861	125166	1219261
1862	125182	1218694
1863	125195	1218106
1864	125205	1217484
1865	125221	1216920
1866	125231	1216297
1867	125244	1215702
1868	125255	1215087
1869	125268	1214500
1870	125280	1213897
1871	125294	1213321
1872	125304	1212707
1873	125319	1212131
1874	125333	1211553
1875	125343	1210939
1876	125357	1210361
1877	125368	1209754
1878	125382	1209179
1879	125391	1208561
1880	125406	1207994
1881	125419	1207412
1882	125430	1206807
1883	125443	1206227
1884	125454	1205631
1885	125469	1205063
1886	125483	1204493
1887	125493	1203890
1888	125508	1203322
1889	125522	1202754
1890	125533	1202156
1891	125547	1201590
1892	125558	1200993
1893	125572	1200428
1894	125582	1199827
1895	125596	1199265
1896	125609	1198691
1897	125619	1198088
1898	125633	1197516
1899	125643	1196916
1900	125657	1196353
1901	125667	1195760
1902	125682	1195205
1903	125697	1194652
1904	125711	1194094
1905	125722	1193504
1906	125736	1192946
1907	125745	1192345
1908	125760	1191790
1909	125774	1191236
1910	125784	1190644
1911	125798	1190080
1912	125808	1189492
1913	125821	1188929
1914	125831	1188337
1915	125844	1187776
1916	125854	1187183
1917	125868	1186632
1918	125878	1186040
1919	125893	1185497
1920	125906	1184935
1921	125916	1184347
1922	125930	1183796
1923	125943	1183244
1924	125953	1182658
1925	125966	1182095
1926	125976	1181514
1927	125991	1180977
1928	126007	1180449
1929	126019	1179882
1930	126034	1179342
1931	126047	1178789
1932	126060	1178239
1933	126075	1177699
1934	126085	1177124
1935	126099	1176578
1936	127910	1192801
1937	127934	1192335
1938	127948	1191793
1939	127968	1191290
1940	127990	1190820
1941	128005	1190280
1942	128024	1189779
1943	128043	1189273
1944	128065	1188801
1945	128079	1188255
1946	128096	1187739
1947	128113	1187216
1948	128128	1186684
1949	128146	1186180
1950	128161	1185642
1951	128180	1185142
1952	128197	1184625
1953	128218	1184148
1954	128235	1183635
1955	128255	1183146
1956	128272	1182641
1957	128289	1182124
1958	128307	1181619
1959	128325	1181114
1960	128339	1180577
1961	128357	1180076
1962	128375	1179578
1963	128390	1179047
1964	128406	1178531
1965	128420	1177994
1966	128433	1177449
1967	128448	1176920
1968	128469	1176447
1969	128482	1175911
1970	128501	1175418
1971	128514	1174877
1972	128531	1174373
1973	128548	1173871
1974	128565	1173365
1975	128580	1172840
1976	128601	1172375
1977	128622	1171910
1978	128640	1171411
1979	128656	1170904
1980	128668	1170361
1981	128683	1169836
1982	128700	1169341
1983	128720	1168869
1984	128737	1168369
1985	128758	1167904
1986	128771	1167371
1987	128786	1166848
1988	128803	1166350
1989	128816	1165821
1990	128833	1165329
1991	128851	1164837
1992	128868	1164342
1993	128885	1163851
1994	128898	1163319
1995	130658	1178546
1996	130676	1178049
1997	130693	1177550
1998	130712	1177068
1999	130730	1176570
2000	130747	1176071
2001	130766	1175588
2002	130783	1175090
2003	130801	1174605
2004	130817	1174099
2005	130834	1173597
2006	130852	1173109
2007	130872	1172641
2008	130894	1172185
2009	130911	1171688
2010	130926	1171181
2011	130944	1170687
2012	130962	1170201
2013	130978	1169703
2014	130999	1169248
2015	131018	1168765
2016	131041	1168325
2017	131058	1167840
2018	131075	1167344
2019	131091	1166846
2020	131116	1166428
2021	131138	1165977
2022	131154	1165476
2023	131171	1164985
2024	131184	1164467
2025	131200	1163968
2026	131218	1163483
2027	131238	1163031
2028	131259	1162575
2029	131273	1162059
2030	131294	1161609
2031	131308	1161097
2032	131333	1160681
2033	131354	1160237
2034	131374	1159773
2035	131396	1159335
2036	131417	1158885
2037	131442	1158474
2038	131456	1157960
2039	131474	1157492
2040	131492	1157017
2041	131514	1156576
2042	131530	1156092
2043	131548	1155616
2044	131574	1155214
2045	131591	1154740
2046	131610	1154279
2047	131628	1153809
2048	133472	1169329
2049	133490	1168856
2050	133514	1168430
2051	133532	1167952
2052	133558	1167550
2053	133575	1167063
2054	133592	1166578
2055	133616	1166151
2056	133635	1165690
2057	133652	1165204
2058	133669	1164724
2059	133686	1164240
2060	133703	1163759
2061	133725	1163317
2062	133749	1162899
2063	133766	1162421
2064	133790	1162003
2065	133807	1161520
2066	133829	1161084
2067	133850	1160645
2068	133867	1160167
2069	133883	1159679
2070	133901	1159206
2071	133919	1158741
2072	133934	1158244
2073	133948	1157745
2074	133963	1157247
2075	133978	1156762
2076	133997	1156296
2077	134012	1155811
2078	134029	1155336
2079	134048	1154883
2080	134071	1154456
2081	134091	1154009
2082	134108	1153536
2083	134124	1153057
2084	134142	1152594
2085	134162	1152149
2086	134181	1151699
2087	134195	1151205
2088	134214	1150748
2089	134236	1150327
2090	134254	1149864
2091	134276	1149435
2092	134290	1148945
2093	134308	1148488
2094	134326	1148028
2095	134347	1147598
2096	134372	1147196
2097	134394	1146769
2098	134410	1146299
2099	134424	1145807
2100	134441	1145340
2101	134457	1144874
2102	136209	1159174
2103	136227	1158714
2104	136249	1158281
2105	136265	1157802
2106	136287	1157380
2107	136306	1156927
2108	136325	1156471
2109	136343	1156008
2110	136361	1155552
2111	136382	1155122
2112	136398	1154638
2113	136420	1154215
2114	136437	1153748
2115	136454	1153285
2116	136477	1152874
2117	136496	1152418
2118	136520	1152019
2119	136538	1151557
2120	136555	1151100
2121	136574	1150646
2122	136595	1150218
2123	136612	1149759
2124	136628	1149290
2125	136650	1148866
2126	136670	1148433
2127	136689	1147986
2128	136703	1147497
2129	136720	1147043
2130	136743	1146629
2131	136762	1146185
2132	136784	1145769
2133	136801	1145313
2134	136818	1144856
2135	136842	1144457
2136	136865	1144045
2137	136883	1143599
2138	136904	1143173
2139	136929	1142788
2140	136946	1142332
2141	136963	1141877
2142	136982	1141437
2143	136996	1140958
2144	137014	1140509
2145	137032	1140064
2146	137050	1139620
2147	137068	1139175
2148	137085	1138719
2149	137104	1138286
2150	137121	1137836
2151	137140	1137401
2152	137160	1136975
2153	137190	1136630
2154	139153	1152298
2155	139167	1151810
2156	139177	1151295
2157	139186	1150773
2158	139197	1150265
2159	139208	1149755
2160	139218	1149246
2161	139228	1148729
2162	139238	1148218
2163	139248	1147708
2164	139258	1147197
2165	139269	1146688
2166	139278	1146170
2167	139288	1145657
2168	139297	1145140
2169	139310	1144653
2170	139326	1144200
2171	139341	1143731
2172	139352	1143228
2173	139361	1142714
2174	139371	1142207
2175	139381	1141696
2176	139391	1141195
2177	139401	1140682
2178	139410	1140172
2179	139419	1139662
2180	139429	1139152
2181	139438	1138640
2182	139448	1138133
2183	139458	1137630
2184	139468	1137130
2185	139478	1136631
2186	139487	1136122
2187	139497	1135619
2188	139507	1135111
2189	139516	1134606
2190	139525	1134095
2191	139534	1133588
2192	139543	1133079
2193	139552	1132574
2194	139562	1132074
2195	139573	1131591
2196	139584	1131097
2197	139594	1130599
2198	139604	1130102
2199	139614	1129606
2200	139624	1129109
2201	139693	1129095
2202	139749	1128972
2203	139759	1128476
2204	139769	1127981
2205	139779	1127486
2206	139789	1126992
2207	139799	1126499
2208	139809	1126006
2209	139819	1125515
2210	139829	1125022
2211	139839	1124528
2212	139849	1124038
2213	139858	1123546
2214	139868	1123054
2215	139877	1122556
2216	139887	1122063
2217	139896	1121568
2218	139905	1121075
2219	139916	1120591
2220	139925	1120096
2221	139935	1119607
2222	139947	1119137
2223	140005	1119034
2224	141856	1133261
2225	141869	1132790
2226	141881	1132313
2227	141896	1131864
2228	141908	1131385
2229	141923	1130929
2230	141934	1130449
2231	141947	1129985
2232	141960	1129515
2233	141971	1129036
2234	141985	1128578
2235	141997	1128101
2236	142008	1127621
2237	142023	1127173
2238	142035	1126704
2239	142051	1126262
2240	142061	1125782
2241	142075	1125327
2242	142088	1124861
2243	142102	1124411
2244	142115	1123949
2245	142132	1123514
2246	142144	1123046
2247	142154	1122566
2248	142168	1122116
2249	142179	1121641
2250	142194	1121196
2251	142208	1120741
2252	142222	1120293
2253	142234	1119827
2254	142245	1119352
2255	142260	1118910
2256	142271	1118438
2257	142285	1117991
2258	142296	1117525
2259	142307	1117049
2260	142319	1116591
2261	142331	1116129
2262	142347	1115696
2263	142360	1115238
2264	142374	1114793
2265	142386	1114333
2266	142398	1113873
2267	142414	1113442
2268	142425	1112981
2269	142440	1112543
2270	142454	1112096
2271	142468	1111653
2272	142481	1111204
2273	142496	1110771
2274	142508	1110309
2275	142520	1109854
2276	142535	1109420
2277	142547	1108969
2278	142563	1108538
2279	142575	1108088
2280	142591	1107659
2281	142603	1107211
2282	142615	1106752
2283	142630	1106324
2284	142641	1105865
2285	142659	1105453
2286	142676	1105038
2287	142692	1104619
2288	142704	1104168
2289	142716	1103714
2290	142730	1103281
2291	142742	1102832
2292	142757	1102400
2293	142768	1101942
2294	142780	1101490
2295	142795	1101066
2296	142806	1100609
2297	142821	1100182
2298	142833	1099734
2299	144979	1115709
2300	144992	1115266
2301	145003	1114803
2302	145018	1114369
2303	145032	1113926
2304	145047	1113499
2305	145059	1113042
2306	145071	1112594
2307	145088	1112177
2308	145100	1111725
2309	145117	1111312
2310	145128	1110850
2311	145141	1110407
2312	145154	1109965
2313	145164	1109500
2314	145178	1109064
2315	145189	1108604
2316	145204	1108176
2317	145215	1107721
2318	145231	1107300
2319	145243	1106858
2320	145256	1106415
2321	145269	1105972
2322	145280	1105517
2323	145293	1105084
2324	145304	1104629
2325	145316	1104180
2326	145328	1103732
2327	145343	1103309
2328	145354	1102858
2329	145365	1102405
2330	145379	1101975
2331	145390	1101524
2332	145404	1101095
2333	145416	1100652
2334	145427	1100201
2335	145439	1099759
2336	145451	1099323
2337	145467	1098904
2338	145479	1098466
2339	145490	1098017
2340	145505	1097600
2341	145516	1097151
2342	145532	1096739
2343	145544	1096299
2344	145558	1095878
2345	145569	1095434
2346	145582	1095003
2347	145595	1094573
2348	145606	1094128
2349	145619	1093694
2350	145631	1093257
2351	145645	1092836
2352	145657	1092396
2353	145668	1091955
2354	145682	1091537
2355	145694	1091101
2356	145706	1090669
2357	145720	1090244
2358	145734	1089824
2359	145747	1089397
2360	145757	1088953
2361	145772	1088544
2362	145783	1088100
2363	145797	1087683
2364	145808	1087247
2365	145821	1086822
2366	145833	1086388
2367	145844	1085949
2368	145860	1085546
2369	145870	1085105
2370	145882	1084677
2371	145894	1084248
2372	145907	1083819
2373	145921	1083409
2374	145933	1082977
2375	145948	1082571
2376	145959	1082135
2377	145972	1081721
2378	145985	1081302
2379	145999	1080889
2380	146013	1080472
2381	146026	1080053
2382	146045	1079683
2383	146065	1079316
2384	146078	1078897
2385	146093	1078495
2386	146107	1078085
2387	146118	1077657
2388	147955	1090685
2389	147966	1090246
2390	147980	1089833
2391	147991	1089397
2392	148005	1088979
2393	148018	1088557
2394	148032	1088146
2395	148045	1087729
2396	148057	1087296
2397	148072	1086891
2398	148083	1086460
2399	148100	1086066
2400	148111	1085635
2401	148124	1085217
2402	148137	1084797
2403	148149	1084372
2404	148164	1083971
2405	148178	1083563
2406	148189	1083131
2407	148204	1082732
2408	148216	1082306
2409	148229	1081894
2410	148241	1081465
2411	148252	1081039
2412	148267	1080636
2413	148278	1080209
2414	148293	1079808
2415	148304	1079381
2416	148319	1078980
2417	148329	1078548
2418	148341	1078128
2419	148352	1077700
2420	148366	1077296
2421	148379	1076884
2422	148394	1076487
2423	148407	1076077
2424	148421	1075674
2425	148434	1075265
2426	148447	1074853
2427	148459	1074433
2428	148472	1074027
2429	148485	1073620
2430	148499	1073217
2431	148511	1072799
2432	148522	1072375
2433	148537	1071983
2434	148548	1071564
2435	148563	1071170
2436	148574	1070749
2437	148588	1070348
2438	148599	1069927
2439	148611	1069519
2440	148624	1069108
2441	148638	1068709
2442	148650	1068298
2443	148664	1067903
2444	148675	1067484
2445	148686	1067068
2446	148701	1066673
2447	148712	1066259
2448	148725	1065854
2449	148736	1065437
2450	148750	1065047
2451	148762	1064635
2452	148776	1064238
2453	148788	1063831
2454	148798	1063410
2455	148813	1063020
2456	148824	1062610
2457	148839	1062220
2458	148850	1061805
2459	148864	1061417
2460	148876	1061008
2461	148891	1060621
2462	148903	1060220
2463	148916	1059823
2464	148928	1059416
2465	148942	1059028
2466	150927	1072641
2467	150942	1072251
2468	150956	1071861
2469	150969	1071453
2470	150981	1071048
2471	150995	1070650
2472	151008	1070247
2473	151019	1069836
2474	151036	1069458
2475	151049	1069061
2476	151065	1068683
2477	151082	1068309
2478	151095	1067908
2479	151112	1067534
2480	151122	1067118
2481	151136	1066725
2482	151148	1066314
2483	151160	1065914
2484	151175	1065530
2485	151189	1065139
2486	151200	1064728
2487	151215	1064340
2488	151227	1063936
2489	151241	1063547
2490	151252	1063136
2491	151265	1062741
2492	151277	1062337
2493	151292	1061957
2494	151304	1061556
2495	151314	1061140
2496	151328	1060754
2497	151339	1060346
2498	151352	1059954
2499	151364	1059548
2500	151377	1059156
2501	151389	1058757
2502	151399	1058347
2503	151413	1057956
2504	151423	1057547
2505	151437	1057161
2506	151447	1056749
2507	151459	1056350
2508	151471	1055953
2509	151485	1055571
2510	151496	1055168
2511	151508	1054766
2512	151522	1054388
2513	151535	1054000
2514	151548	1053605
2515	151561	1053219
2516	151573	1052824
2517	151587	1052440
2518	151597	1052032
2519	151607	1051626
2520	151621	1051244
2521	151631	1050838
2522	151645	1050462
2523	151656	1050058
2524	151669	1049670
2525	151681	1049277
2526	151691	1048876
2527	151707	1048508
2528	151718	1048111
2529	151731	1047727
2530	151745	1047348
2531	151758	1046963
2532	151771	1046584
2533	151782	1046187
2534	151797	1045814
2535	151808	1045419
2536	151821	1045038
2537	151832	1044640
2538	151846	1044269
2539	151858	1043879
2540	151870	1043486
2541	151883	1043111
2542	151895	1042720
2543	153776	1055158
2544	153787	1054755
2545	153801	1054379
2546	153815	1053999
2547	153826	1053603
2548	153840	1053223
2549	153852	1052835
2550	153867	1052463
2551	153879	1052074
2552	153894	1051699
2553	153908	1051325
2554	153920	1050935
2555	153930	1050533
2556	153944	1050156
2557	153954	1049757
2558	153969	1049387
2559	153980	1048990
2560	153994	1048615
2561	154004	1048219
2562	154020	1047859
2563	154041	1047529
2564	154054	1047148
2565	154069	1046785
2566	154084	1046420
2567	154097	1046035
2568	154112	1045674
2569	154125	1045296
2570	154138	1044917
2571	154154	1044555
2572	154166	1044173
2573	154181	1043811
2574	154192	1043419
2575	154206	1043047
2576	154218	1042662
2577	154231	1042289
2578	154242	1041902
2579	154254	1041515
2580	154269	1041151
2581	154283	1040783
2582	154295	1040402
2583	154307	1040026
2584	154319	1039644
2585	154333	1039272
2586	154344	1038888
2587	154355	1038501
2588	154371	1038146
2589	154386	1037786
2590	154399	1037417
2591	154412	1037042
2592	154426	1036677
2593	154437	1036289
2594	154449	1035915
2595	154461	1035536
2596	154474	1035163
2597	154485	1034781
2598	154499	1034416
2599	154512	1034046
2600	154527	1033686
2601	154538	1033302
2602	154552	1032942
2603	154564	1032564
2604	154578	1032204
2605	154589	1031821
2606	154601	1031448
2607	154611	1031062
2608	154623	1030682
2609	154636	1030319
2610	154648	1029943
2611	154663	1029589
2612	154677	1029229
2613	154688	1028851
2614	154702	1028489
2615	154713	1028114
2616	154726	1027747
2617	154738	1027374
2618	154749	1026995
2619	154764	1026644
2620	156723	1039183
2621	156737	1038820
2622	156752	1038464
2623	156765	1038096
2624	156778	1037723
2625	156793	1037366
2626	156806	1037002
2627	156818	1036627
2628	156833	1036267
2629	156845	1035895
2630	156860	1035540
2631	156873	1035177
2632	156886	1034807
2633	156900	1034450
2634	156912	1034075
2635	156926	1033716
2636	156938	1033339
2637	156949	1032961
2638	156961	1032589
2639	156974	1032224
2640	156986	1031854
2641	156999	1031493
2642	157010	1031113
2643	157024	1030753
2644	157037	1030389
2645	157051	1030037
2646	157063	1029666
2647	157078	1029317
2648	157094	1028968
2649	157107	1028612
2650	157122	1028259
2651	157137	1027910
2652	157149	1027545
2653	157165	1027198
2654	157176	1026830
2655	157191	1026480
2656	157202	1026107
2657	157215	1025746
2658	157227	1025376
2659	157241	1025026
2660	157251	1024649
2661	157266	1024298
2662	157280	1023947
2663	157292	1023579
2664	157306	1023230
2665	157317	1022856
2666	157331	1022505
2667	157345	1022155
2668	157357	1021789
2669	157369	1021431
2670	157380	1021057
2671	157394	1020710
2672	157405	1020337
2673	157417	1019975
2674	157428	1019608
2675	157441	1019252
2676	157453	1018887
2677	157467	1018539
2678	157479	1018177
2679	157492	1017827
2680	157503	1017458
2681	157517	1017111
2682	157529	1016749
2683	157543	1016402
2684	157555	1016045
2685	157566	1015678
2686	157581	1015336
2687	157593	1014977
2688	157607	1014629
2689	157621	1014287
2690	157633	1013928
2691	157646	1013573
2692	157656	1013204
2693	157667	1012841
2694	157681	1012496
2695	157695	1012154
2696	159605	1023973
2697	159618	1023619
2698	159631	1023262
2699	159646	1022922
2700	159657	1022554
2701	159671	1022206
2702	159683	1021841
2703	159697	1021497
2704	159708	1021132
2705	159722	1020786
2706	159734	1020421
2707	159746	1020062
2708	159757	1019700
2709	159770	1019349
2710	159784	1019005
2711	159797	1018651
2712	159810	1018300
2713	159821	1017936
2714	159835	1017587
2715	159846	1017224
2716	159859	1016879
2717	159873	1016529
2718	159884	1016169
2719	159897	1015821
2720	159908	1015459
2721	159922	1015117
2722	159937	1014777
2723	159949	1014421
2724	159963	1014080
2725	159977	1013738
2726	159988	1013378
2727	160002	1013034
2728	160016	1012696
2729	160028	1012343
2730	160042	1012001
2731	160054	1011649
2732	160066	1011292
2733	160080	1010952
2734	160094	1010617
2735	160105	1010259
2736	160119	1009914
2737	160136	1009594
2738	160149	1009249
2739	160160	1008891
2740	160173	1008547
2741	160186	1008202
2742	160202	1007878
2743	160215	1007536
2744	160228	1007189
2745	160241	1006849
2746	160253	1006496
2747	160267	1006164
2748	160279	1005811
2749	160292	1005471
2750	160304	1005121
2751	160318	1004786
2752	160332	1004453
2753	160343	1004096
2754	160356	1003758
2755	160367	1003403
2756	160381	1003066
2757	160391	1002709
2758	160404	1002369
2759	160417	1002027
2760	160428	1001674
2761	160440	1001330
2762	160451	1000975
2763	160465	1000643
2764	160475	1000290
2765	160489	999955
2766	160501	999612
2767	160512	999261
2768	160526	998930
2769	160538	998581
2770	160551	998248
2771	160563	997906
2772	160574	997556
2773	162536	1009322
2774	162553	1009001
2775	162564	1008647
2776	162578	1008315
2777	162592	1007978
2778	162603	1007625
2779	162618	1007299
2780	162631	1006960
2781	162642	1006603
2782	162655	1006266
2783	162668	1005929
2784	162679	1005577
2785	162692	1005233
2786	162703	1004888
2787	162717	1004554
2788	162729	1004210
2789	162743	1003878
2790	162755	1003530
2791	162767	1003191
2792	162778	1002840
2793	162792	1002510
2794	162805	1002173
2795	162816	1001824
2796	162829	1001486
2797	162840	1001134
2798	162853	1000801
2799	162865	1000457
2800	162880	1000135
2801	162895	999813
2802	162905	999462
2803	162918	999124
2804	162932	998796
2805	162944	998453
2806	162954	998102
2807	162966	997764
2808	162980	997436
2809	162994	997106
2810	163005	996766
2811	163020	996442
2812	163035	996121
2813	163047	995781
2814	163077	995555
2815	163089	995218
2816	163103	994888
2817	163113	994543
2818	163128	994220
2819	163141	993890
2820	163153	993552
2821	163167	993230
2822	163178	992888
2823	163191	992557
2824	163202	992216
2825	163216	991888
2826	163227	991550
2827	163240	991215
2828	163250	990868
2829	163262	990538
2830	163273	990192
2831	163285	989857
2832	163298	989531
2833	163311	989206
2834	163322	988863
2835	163336	988541
2836	163346	988199
2837	163361	987881
2838	163376	987564
2839	163388	987235
2840	163403	986919
2841	163416	986593
2842	163427	986257
2843	163441	985934
2844	163453	985606
2845	163465	985270
2846	163478	984945
2847	163488	984607
2848	163501	984281
2849	163512	983946
2850	163526	983625
2851	165373	994329
2852	165388	994012
2853	165399	993673
2854	165414	993353
2855	165427	993027
2856	165439	992692
2857	165453	992376
2858	165467	992052
2859	165482	991734
2860	165492	991394
2861	165506	991070
2862	165517	990733
2863	165530	990407
2864	165544	990090
2865	165555	989751
2866	165569	989433
2867	165583	989110
2868	165597	988792
2869	165608	988457
2870	165621	988136
2871	165634	987808
2872	165645	987471
2873	165659	987157
2874	165670	986817
2875	165684	986500
2876	165697	986178
2877	165708	985842
2878	165722	985527
2879	165736	985212
2880	165747	984879
2881	165761	984560
2882	165772	984229
2883	165786	983914
2884	165797	983581
2885	165812	983268
2886	165826	982951
2887	165836	982616
2888	165849	982296
2889	165862	981975
2890	165873	981642
2891	165885	981314
2892	165897	980991
2893	165910	980669
2894	165920	980336
2895	165934	980020
2896	165948	979708
2897	165959	979376
2898	165972	979059
2899	165983	978730
2900	165999	978430
2901	166014	978123
2902	166025	977792
2903	166041	977495
2904	166057	977195
2905	166068	976866
2906	166081	976552
2907	166096	976243
2908	166108	975923
2909	166121	975607
2910	166131	975273
2911	166145	974964
2912	166157	974641
2913	166167	974312
2914	166182	974006
2915	166194	973687
2916	166206	973364
2917	166220	973053
2918	166231	972729
2919	166243	972408
2920	166256	972097
2921	166267	971771
2922	166280	971460
2923	166295	971155
2924	166306	970831
2925	166320	970522
2926	166332	970204
2927	166344	969886
2928	166358	969580
2929	168314	980590
2930	168328	980282
2931	168340	979957
2932	168355	979651
2933	168367	979329
2934	168381	979021
2935	168395	978710
2936	168406	978388
2937	168420	978078
2938	168435	977772
2939	168446	977447
2940	168460	977137
2941	168469	976802
2942	168484	976498
2943	168498	976190
2944	168512	975883
2945	168526	975575
2946	168536	975248
2947	168550	974939
2948	168560	974611
2949	168573	974298
2950	168584	973976
2951	168599	973671
2952	168612	973362
2953	168624	973043
2954	168637	972732
2955	168650	972421
2956	168661	972099
2957	168675	971792
2958	168685	971468
2959	168698	971156
2960	168710	970839
2961	168723	970530
2962	168737	970228
2963	168750	969916
2964	168762	969602
2965	168774	969285
2966	168787	968976
2967	168797	968654
2968	168811	968349
2969	168822	968028
2970	168836	967728
2971	168850	967427
2972	168861	967106
2973	168875	966805
2974	168888	966496
2975	168900	966184
2976	168915	965885
2977	168927	965575
2978	168937	965251
2979	168951	964952
2980	168965	964651
2981	168977	964336
2982	168991	964036
2983	169007	963749
2984	169018	963435
2985	169031	963131
2986	169043	962819
2987	169057	962517
2988	169072	962223
2989	169083	961909
2990	169097	961612
2991	169112	961319
2992	169127	961025
2993	169137	960707
2994	169150	960399
2995	169160	960084
2996	169175	959787
2997	169188	959488
2998	169202	959191
2999	169213	958878
3000	169227	958579
3001	169237	958259
3002	169250	957958
3003	169261	957644
3004	169275	957348
3005	169289	957054
3006	171163	967270
3007	171176	966966
3008	171187	966650
3009	171200	966346
3010	171212	966033
3011	171223	965720
3012	171237	965418
3013	171248	965105
3014	171263	964810
3015	171277	964515
3016	171291	964214
3017	171302	963902
3018	171315	963600
3019	171327	963293
3020	171338	962976
3021	171352	962681
3022	171367	962390
3023	171381	962093
3024	171392	961778
3025	171405	961477
3026	171416	961168
3027	171427	960852
3028	171441	960557
3029	171454	960259
3030	171466	959949
3031	171479	959653
3032	171494	959360
3033	171507	959060
3034	171519	958759
3035	171530	958446
3036	171544	958154
3037	171558	957856
3038	171572	957563
3039	171583	957257
3040	171598	956966
3041	171611	956670
3042	171622	956361
3043	171636	956068
3044	171650	955773
3045	171660	955458
3046	171672	955158
3047	171685	954860
3048	171699	954569
3049	171711	954263
3050	171724	953967
3051	171734	953656
3052	171748	953362
3053	171760	953060
3054	171770	952751
3055	171783	952453
3056	171794	952146
3057	171807	951851
3058	171818	951548
3059	171832	951256
3060	171844	950957
3061	171859	950672
3062	171871	950371
3063	171881	950061
3064	171896	949775
3065	171907	949469
3066	171920	949179
3067	171933	948887
3068	171947	948595
3069	171960	948302
3070	171970	947996
3071	171985	947709
3072	172000	947429
3073	172011	947126
3074	172025	946840
3075	172040	946557
3076	172053	946267
3077	172064	945960
3078	172077	945673
3079	172091	945384
3080	172106	945107
3081	172124	944840
3082	172135	944537
3083	174085	954873
3084	174096	954567
3085	174110	954279
3086	174124	953991
3087	174137	953697
3088	174148	953393
3089	174161	953098
3090	174173	952800
3091	174185	952498
3092	174199	952211
3093	174212	951920
3094	174228	951640
3095	174238	951332
3096	174252	951046
3097	174265	950755
3098	174276	950453
3099	174291	950170
3100	174304	949879
3101	174316	949578
3102	174328	949285
3103	174339	948981
3104	174350	948678
3105	174364	948391
3106	174375	948092
3107	174388	947802
3108	174403	947525
3109	174415	947229
3110	174427	946933
3111	174440	946642
3112	174451	946343
3113	174465	946060
3114	174478	945766
3115	174491	945481
3116	174505	945194
3117	174518	944908
3118	174529	944606
3119	174543	944322
3120	174557	944039
3121	174568	943741
3122	174581	943454
3123	174594	943167
3124	174605	942870
3125	174619	942585
3126	174632	942299
3127	174641	941993
3128	174653	941700
3129	174663	941396
3130	174675	941107
3131	174688	940816
3132	174698	940514
3133	174711	940232
3134	174725	939950
3135	174738	939664
3136	174752	939387
3137	174768	939114
3138	174782	938834
3139	174796	938558
3140	174811	938281
3141	174825	938003
3142	174838	937720
3143	174851	937437
3144	174866	937159
3145	174880	936881
3146	174891	936591
3147	174905	936309
3148	174919	936034
3149	174929	935735
3150	174943	935457
3151	174958	935181
3152	174969	934892
3153	174984	934616
3154	174998	934340
3155	175012	934065
3156	175025	933782
3157	175039	933507
3158	175055	933243
3159	176863	942527
3160	176877	942245
3161	176889	941956
3162	176903	941677
3163	176917	941396
3164	176930	941111
3165	176941	940817
3166	176953	940529
3167	176964	940236
3168	176977	939954
3169	176989	939662
3170	177003	939385
3171	177015	939099
